{
  "slides": [
    {
      "id": "img-1",
      "url": "https://i.ibb.co/k3bYDY7/20181108-Boaz-Arad-3-W3-A2302-BLENDED-2-1-min.jpg"
    },
    {
      "id": "img-2",
      "url": "https://i.ibb.co/4J2q5nL/image-33-min.jpg"
    },
    {
      "id": "img-3",
      "url": "https://images.unsplash.com/photo-1604992737231-3ffb573afc87?ixlib=rb-4.0.3&ixid=MnwxMjA3fDB8MHxwaG90by1wYWdlfHx8fGVufDB8fHx8&auto=format&fit=crop&w=1600&q=80"
    },
    {
      "id": "img-4",
      "url": "https://fakeimg.pl/1200x1800/"
    }
  ]
}